-- phpMyAdmin SQL Dump
-- version 5.2.1
-- https://www.phpmyadmin.net/
--
-- Hôte : 127.0.0.1:3306
-- Généré le : mar. 20 mai 2025 à 19:05
-- Version du serveur : 8.2.0
-- Version de PHP : 8.2.13

SET SQL_MODE = "NO_AUTO_VALUE_ON_ZERO";
START TRANSACTION;
SET time_zone = "+00:00";


/*!40101 SET @OLD_CHARACTER_SET_CLIENT=@@CHARACTER_SET_CLIENT */;
/*!40101 SET @OLD_CHARACTER_SET_RESULTS=@@CHARACTER_SET_RESULTS */;
/*!40101 SET @OLD_COLLATION_CONNECTION=@@COLLATION_CONNECTION */;
/*!40101 SET NAMES utf8mb4 */;

--
-- Base de données : `ium_shine`
--

-- --------------------------------------------------------

--
-- Structure de la table `admins`
--

DROP TABLE IF EXISTS `admins`;
CREATE TABLE IF NOT EXISTS `admins` (
  `id` int NOT NULL AUTO_INCREMENT,
  `username` varchar(50) NOT NULL,
  `password` varchar(255) NOT NULL,
  `created_at` timestamp NULL DEFAULT CURRENT_TIMESTAMP,
  PRIMARY KEY (`id`),
  UNIQUE KEY `username` (`username`)
) ENGINE=InnoDB AUTO_INCREMENT=2 DEFAULT CHARSET=utf8mb4 COLLATE=utf8mb4_0900_ai_ci;

--
-- Déchargement des données de la table `admins`
--

INSERT INTO `admins` (`id`, `username`, `password`, `created_at`) VALUES
(1, 'admin', '$2y$12$fpAE0kpKjA9UQgy5hOR49O5zFgTCq..iqEXsfxvEOYqZXPNytoZH2', '2025-05-19 23:21:34');

-- --------------------------------------------------------

--
-- Structure de la table `candidates`
--

DROP TABLE IF EXISTS `candidates`;
CREATE TABLE IF NOT EXISTS `candidates` (
  `id` int NOT NULL AUTO_INCREMENT,
  `category_id` int NOT NULL,
  `name` varchar(100) NOT NULL,
  `description` text,
  `motif` text NOT NULL,
  `photo` varchar(255) DEFAULT NULL,
  `created_at` timestamp NULL DEFAULT CURRENT_TIMESTAMP,
  PRIMARY KEY (`id`),
  KEY `category_id` (`category_id`)
) ENGINE=InnoDB AUTO_INCREMENT=12 DEFAULT CHARSET=utf8mb4 COLLATE=utf8mb4_0900_ai_ci;

--
-- Déchargement des données de la table `candidates`
--

INSERT INTO `candidates` (`id`, `category_id`, `name`, `description`, `motif`, `photo`, `created_at`) VALUES
(2, 1, 'Rahimath', 'Description', '', 'uploads/682bc3696ba74.png', '2025-05-19 23:48:57'),
(3, 1, 'igname', 'description', '', 'uploads/682bc3d944eea.png', '2025-05-19 23:50:49'),
(4, 1, 'Montre modifier', 'description', 'CN-1', 'uploads/682bc73ac1745.png', '2025-05-20 00:05:14'),
(5, 1, 'djawa', 'JJHJLKJLK', '', 'uploads/682bc8bd15756.png', '2025-05-20 00:11:41'),
(6, 2, 'Montre ', 'JSKJQK', '', 'uploads/682bcb6fc82ae.png', '2025-05-20 00:23:11'),
(8, 3, 'laptop', 'decription', 'CN-8', 'uploads/682c26f714061.png', '2025-05-20 06:53:43'),
(9, 1, 'xxxxxxxxxxxxx', 'xxxxxxxxxxxxxxxxxxxxxxxxxxx', 'xxxxxxxxxxxxxxxxxxxxx', 'uploads/682c3324f13fa.png', '2025-05-20 07:45:40'),
(10, 1, 'Christian', 'votez vous pour moi', 'Christ', 'uploads/682c774588146.png', '2025-05-20 12:36:21'),
(11, 4, 'laptop', 'description', 'CN-8', 'uploads/682cc4c9b0b4f.png', '2025-05-20 18:07:05');

-- --------------------------------------------------------

--
-- Structure de la table `categories`
--

DROP TABLE IF EXISTS `categories`;
CREATE TABLE IF NOT EXISTS `categories` (
  `id` int NOT NULL AUTO_INCREMENT,
  `name` varchar(100) NOT NULL,
  `description` text,
  `created_at` timestamp NULL DEFAULT CURRENT_TIMESTAMP,
  PRIMARY KEY (`id`)
) ENGINE=InnoDB AUTO_INCREMENT=5 DEFAULT CHARSET=utf8mb4 COLLATE=utf8mb4_0900_ai_ci;

--
-- Déchargement des données de la table `categories`
--

INSERT INTO `categories` (`id`, `name`, `description`, `created_at`) VALUES
(1, 'Meilleur Étudiant', 'Catégorie pour le meilleur étudiant de l\'année', '2025-05-19 23:21:34'),
(2, 'Meilleur Projet', 'Catégorie pour le meilleur projet innovant', '2025-05-19 23:21:34'),
(3, 'Meilleur Présentateur', 'Catégorie pour le meilleur présentateur', '2025-05-19 23:21:34'),
(4, 'Meilleure Style Vestimentaire', 'l\'étudient avec le meilleur style vestimentaire', '2025-05-20 18:06:03');

-- --------------------------------------------------------

--
-- Structure de la table `settings`
--

DROP TABLE IF EXISTS `settings`;
CREATE TABLE IF NOT EXISTS `settings` (
  `key` varchar(255) NOT NULL,
  `value` text,
  PRIMARY KEY (`key`)
) ENGINE=InnoDB DEFAULT CHARSET=utf8mb4 COLLATE=utf8mb4_0900_ai_ci;

-- --------------------------------------------------------

--
-- Structure de la table `votes`
--

DROP TABLE IF EXISTS `votes`;
CREATE TABLE IF NOT EXISTS `votes` (
  `id` int NOT NULL AUTO_INCREMENT,
  `candidate_id` int NOT NULL,
  `voter_ip` varchar(45) NOT NULL,
  `voted_at` timestamp NULL DEFAULT CURRENT_TIMESTAMP,
  PRIMARY KEY (`id`),
  UNIQUE KEY `unique_vote` (`candidate_id`,`voter_ip`),
  KEY `idx_voter_ip` (`voter_ip`),
  KEY `idx_candidate_id` (`candidate_id`)
) ENGINE=InnoDB AUTO_INCREMENT=284 DEFAULT CHARSET=utf8mb4 COLLATE=utf8mb4_0900_ai_ci;

--
-- Déchargement des données de la table `votes`
--

INSERT INTO `votes` (`id`, `candidate_id`, `voter_ip`, `voted_at`) VALUES
(23, 2, 'admin_1_1747698545_0', '2025-05-19 23:49:05'),
(24, 2, 'admin_1_1747698545_1', '2025-05-19 23:49:05'),
(25, 2, 'admin_1_1747698558_0', '2025-05-19 23:49:18'),
(26, 2, 'admin_1_1747698558_1', '2025-05-19 23:49:18'),
(27, 2, 'admin_1_1747698558_2', '2025-05-19 23:49:18'),
(28, 2, 'admin_1_1747698558_3', '2025-05-19 23:49:18'),
(29, 2, 'admin_1_1747698558_4', '2025-05-19 23:49:18'),
(30, 2, 'admin_1_1747698558_5', '2025-05-19 23:49:18'),
(31, 2, 'admin_1_1747698558_6', '2025-05-19 23:49:18'),
(32, 2, 'admin_1_1747698558_7', '2025-05-19 23:49:18'),
(33, 2, 'admin_1_1747698558_8', '2025-05-19 23:49:18'),
(34, 2, 'admin_1_1747698558_9', '2025-05-19 23:49:18'),
(35, 2, 'admin_1_1747698558_10', '2025-05-19 23:49:18'),
(36, 2, 'admin_1_1747698558_11', '2025-05-19 23:49:18'),
(37, 2, 'admin_1_1747698558_12', '2025-05-19 23:49:18'),
(38, 2, 'admin_1_1747698558_13', '2025-05-19 23:49:18'),
(39, 2, 'admin_1_1747698558_14', '2025-05-19 23:49:18'),
(40, 2, 'admin_1_1747698558_15', '2025-05-19 23:49:18'),
(41, 2, 'admin_1_1747698558_16', '2025-05-19 23:49:18'),
(42, 2, 'admin_1_1747698558_17', '2025-05-19 23:49:18'),
(43, 2, 'admin_1_1747698558_18', '2025-05-19 23:49:18'),
(44, 2, 'admin_1_1747698558_19', '2025-05-19 23:49:18'),
(45, 2, 'admin_1_1747698558_20', '2025-05-19 23:49:18'),
(46, 2, 'admin_1_1747698558_21', '2025-05-19 23:49:18'),
(47, 2, 'admin_1_1747698558_22', '2025-05-19 23:49:18'),
(48, 2, 'admin_1_1747698558_23', '2025-05-19 23:49:18'),
(49, 2, 'admin_1_1747698558_24', '2025-05-19 23:49:18'),
(50, 2, 'admin_1_1747698558_25', '2025-05-19 23:49:18'),
(51, 2, 'admin_1_1747698558_26', '2025-05-19 23:49:18'),
(52, 2, 'admin_1_1747698558_27', '2025-05-19 23:49:18'),
(53, 2, 'admin_1_1747698558_28', '2025-05-19 23:49:18'),
(54, 2, 'admin_1_1747698558_29', '2025-05-19 23:49:18'),
(55, 2, 'admin_1_1747698558_30', '2025-05-19 23:49:18'),
(56, 2, 'admin_1_1747698558_31', '2025-05-19 23:49:18'),
(57, 2, 'admin_1_1747698558_32', '2025-05-19 23:49:18'),
(58, 2, 'admin_1_1747698558_33', '2025-05-19 23:49:18'),
(59, 2, 'admin_1_1747698558_34', '2025-05-19 23:49:18'),
(60, 2, 'admin_1_1747698558_35', '2025-05-19 23:49:18'),
(61, 2, 'admin_1_1747698558_36', '2025-05-19 23:49:18'),
(62, 2, 'admin_1_1747698558_37', '2025-05-19 23:49:18'),
(63, 2, 'admin_1_1747698558_38', '2025-05-19 23:49:18'),
(64, 2, 'admin_1_1747698558_39', '2025-05-19 23:49:18'),
(65, 2, 'admin_1_1747698558_40', '2025-05-19 23:49:18'),
(66, 2, 'admin_1_1747698558_41', '2025-05-19 23:49:18'),
(67, 2, 'admin_1_1747698558_42', '2025-05-19 23:49:18'),
(68, 2, 'admin_1_1747698558_43', '2025-05-19 23:49:18'),
(69, 2, 'admin_1_1747698558_44', '2025-05-19 23:49:18'),
(70, 2, 'admin_1_1747698558_45', '2025-05-19 23:49:18'),
(71, 2, 'admin_1_1747698558_46', '2025-05-19 23:49:18'),
(72, 2, 'admin_1_1747698558_47', '2025-05-19 23:49:18'),
(73, 2, 'admin_1_1747698558_48', '2025-05-19 23:49:18'),
(74, 2, 'admin_1_1747698558_49', '2025-05-19 23:49:18'),
(75, 2, 'admin_1_1747698558_50', '2025-05-19 23:49:18'),
(76, 2, 'admin_1_1747698558_51', '2025-05-19 23:49:18'),
(77, 2, 'admin_1_1747698558_52', '2025-05-19 23:49:18'),
(78, 2, 'admin_1_1747698558_53', '2025-05-19 23:49:18'),
(79, 2, 'admin_1_1747698558_54', '2025-05-19 23:49:18'),
(80, 2, 'admin_1_1747698558_55', '2025-05-19 23:49:18'),
(81, 2, 'admin_1_1747698558_56', '2025-05-19 23:49:18'),
(82, 2, 'admin_1_1747698558_57', '2025-05-19 23:49:18'),
(83, 2, 'admin_1_1747698558_58', '2025-05-19 23:49:18'),
(84, 2, 'admin_1_1747698558_59', '2025-05-19 23:49:18'),
(85, 2, 'admin_1_1747698558_60', '2025-05-19 23:49:18'),
(86, 2, 'admin_1_1747698558_61', '2025-05-19 23:49:18'),
(87, 2, 'admin_1_1747698558_62', '2025-05-19 23:49:18'),
(88, 2, 'admin_1_1747698558_63', '2025-05-19 23:49:18'),
(89, 2, 'admin_1_1747698558_64', '2025-05-19 23:49:18'),
(90, 2, 'admin_1_1747698558_65', '2025-05-19 23:49:18'),
(91, 2, 'admin_1_1747698558_66', '2025-05-19 23:49:18'),
(92, 2, 'admin_1_1747698558_67', '2025-05-19 23:49:18'),
(93, 2, 'admin_1_1747698558_68', '2025-05-19 23:49:18'),
(94, 2, 'admin_1_1747698558_69', '2025-05-19 23:49:18'),
(95, 2, 'admin_1_1747698558_70', '2025-05-19 23:49:18'),
(96, 2, 'admin_1_1747698558_71', '2025-05-19 23:49:18'),
(97, 2, 'admin_1_1747698558_72', '2025-05-19 23:49:18'),
(98, 2, 'admin_1_1747698558_73', '2025-05-19 23:49:18'),
(99, 2, 'admin_1_1747698558_74', '2025-05-19 23:49:18'),
(100, 2, 'admin_1_1747698558_75', '2025-05-19 23:49:18'),
(101, 2, 'admin_1_1747698558_76', '2025-05-19 23:49:18'),
(102, 2, 'admin_1_1747698558_77', '2025-05-19 23:49:18'),
(103, 2, 'admin_1_1747698558_78', '2025-05-19 23:49:18'),
(104, 2, 'admin_1_1747698558_79', '2025-05-19 23:49:18'),
(105, 2, 'admin_1_1747698558_80', '2025-05-19 23:49:18'),
(106, 2, 'admin_1_1747698558_81', '2025-05-19 23:49:18'),
(107, 2, 'admin_1_1747698558_82', '2025-05-19 23:49:18'),
(108, 2, 'admin_1_1747698558_83', '2025-05-19 23:49:18'),
(109, 2, 'admin_1_1747698558_84', '2025-05-19 23:49:18'),
(110, 2, 'admin_1_1747698558_85', '2025-05-19 23:49:18'),
(111, 2, 'admin_1_1747698558_86', '2025-05-19 23:49:18'),
(112, 2, 'admin_1_1747698558_87', '2025-05-19 23:49:18'),
(113, 2, 'admin_1_1747698558_88', '2025-05-19 23:49:18'),
(114, 2, 'admin_1_1747698558_89', '2025-05-19 23:49:18'),
(115, 2, 'admin_1_1747698558_90', '2025-05-19 23:49:18'),
(116, 2, 'admin_1_1747698558_91', '2025-05-19 23:49:18'),
(117, 2, 'admin_1_1747698558_92', '2025-05-19 23:49:18'),
(118, 2, 'admin_1_1747698558_93', '2025-05-19 23:49:18'),
(119, 2, 'admin_1_1747698558_94', '2025-05-19 23:49:18'),
(120, 2, 'admin_1_1747698558_95', '2025-05-19 23:49:18'),
(121, 2, 'admin_1_1747698558_96', '2025-05-19 23:49:18'),
(122, 2, 'admin_1_1747698558_97', '2025-05-19 23:49:18'),
(123, 2, 'admin_1_1747698558_98', '2025-05-19 23:49:18'),
(124, 2, 'admin_1_1747698558_99', '2025-05-19 23:49:18'),
(125, 3, 'admin_1_1747698657_0', '2025-05-19 23:50:57'),
(126, 3, 'admin_1_1747698657_1', '2025-05-19 23:50:57'),
(127, 3, 'admin_1_1747698657_2', '2025-05-19 23:50:57'),
(128, 3, 'admin_1_1747698657_3', '2025-05-19 23:50:57'),
(129, 3, 'admin_1_1747698984_0', '2025-05-19 23:56:24'),
(130, 3, 'admin_1_1747698984_1', '2025-05-19 23:56:24'),
(131, 3, 'admin_1_1747698984_2', '2025-05-19 23:56:24'),
(132, 3, 'admin_1_1747698984_3', '2025-05-19 23:56:24'),
(133, 3, 'admin_1_1747698984_4', '2025-05-19 23:56:24'),
(134, 3, 'admin_1_1747698984_5', '2025-05-19 23:56:24'),
(135, 4, 'admin_1_1747699560_0', '2025-05-20 00:06:00'),
(136, 4, 'admin_1_1747699560_1', '2025-05-20 00:06:00'),
(137, 4, 'admin_1_1747699560_2', '2025-05-20 00:06:00'),
(138, 4, 'admin_1_1747699560_3', '2025-05-20 00:06:00'),
(139, 4, 'admin_1_1747699560_4', '2025-05-20 00:06:00'),
(140, 4, 'admin_1_1747699560_5', '2025-05-20 00:06:00'),
(141, 4, 'admin_1_1747699560_6', '2025-05-20 00:06:00'),
(142, 4, 'admin_1_1747699560_7', '2025-05-20 00:06:00'),
(143, 4, 'admin_1_1747699560_8', '2025-05-20 00:06:00'),
(144, 4, 'admin_1_1747699560_9', '2025-05-20 00:06:00'),
(145, 4, 'admin_1_1747699560_10', '2025-05-20 00:06:00'),
(146, 4, 'admin_1_1747699560_11', '2025-05-20 00:06:00'),
(147, 4, 'admin_1_1747699560_12', '2025-05-20 00:06:00'),
(148, 4, 'admin_1_1747699560_13', '2025-05-20 00:06:00'),
(149, 4, 'admin_1_1747699560_14', '2025-05-20 00:06:00'),
(150, 4, 'admin_1_1747699560_15', '2025-05-20 00:06:00'),
(151, 4, 'admin_1_1747699560_16', '2025-05-20 00:06:00'),
(152, 4, 'admin_1_1747699560_17', '2025-05-20 00:06:00'),
(153, 4, 'admin_1_1747699560_18', '2025-05-20 00:06:00'),
(154, 4, 'admin_1_1747699560_19', '2025-05-20 00:06:00'),
(155, 4, 'admin_1_1747699560_20', '2025-05-20 00:06:00'),
(156, 4, 'admin_1_1747699560_21', '2025-05-20 00:06:00'),
(157, 4, 'admin_1_1747699560_22', '2025-05-20 00:06:00'),
(158, 4, 'admin_1_1747699560_23', '2025-05-20 00:06:00'),
(159, 4, 'admin_1_1747699560_24', '2025-05-20 00:06:00'),
(160, 4, 'admin_1_1747699560_25', '2025-05-20 00:06:00'),
(161, 4, 'admin_1_1747699560_26', '2025-05-20 00:06:00'),
(162, 4, 'admin_1_1747699560_27', '2025-05-20 00:06:00'),
(163, 4, 'admin_1_1747699560_28', '2025-05-20 00:06:00'),
(164, 4, 'admin_1_1747699560_29', '2025-05-20 00:06:00'),
(165, 4, 'admin_1_1747699560_30', '2025-05-20 00:06:00'),
(166, 4, 'admin_1_1747699560_31', '2025-05-20 00:06:00'),
(167, 4, 'admin_1_1747699560_32', '2025-05-20 00:06:00'),
(168, 4, 'admin_1_1747699560_33', '2025-05-20 00:06:00'),
(169, 4, 'admin_1_1747699560_34', '2025-05-20 00:06:00'),
(170, 4, 'admin_1_1747699560_35', '2025-05-20 00:06:00'),
(171, 4, 'admin_1_1747699560_36', '2025-05-20 00:06:00'),
(172, 4, 'admin_1_1747699560_37', '2025-05-20 00:06:00'),
(173, 4, 'admin_1_1747699560_38', '2025-05-20 00:06:00'),
(174, 4, 'admin_1_1747699560_39', '2025-05-20 00:06:00'),
(175, 4, 'admin_1_1747699560_40', '2025-05-20 00:06:00'),
(176, 4, 'admin_1_1747699560_41', '2025-05-20 00:06:00'),
(177, 4, 'admin_1_1747699560_42', '2025-05-20 00:06:00'),
(178, 4, 'admin_1_1747699560_43', '2025-05-20 00:06:00'),
(179, 4, 'admin_1_1747699560_44', '2025-05-20 00:06:00'),
(180, 4, 'admin_1_1747699560_45', '2025-05-20 00:06:00'),
(181, 4, 'admin_1_1747699560_46', '2025-05-20 00:06:00'),
(182, 4, 'admin_1_1747699560_47', '2025-05-20 00:06:00'),
(183, 4, 'admin_1_1747699560_48', '2025-05-20 00:06:00'),
(184, 4, 'admin_1_1747699561_49', '2025-05-20 00:06:01'),
(185, 4, 'admin_1_1747699561_50', '2025-05-20 00:06:01'),
(186, 4, 'admin_1_1747699561_51', '2025-05-20 00:06:01'),
(187, 4, 'admin_1_1747699561_52', '2025-05-20 00:06:01'),
(188, 4, 'admin_1_1747699561_53', '2025-05-20 00:06:01'),
(189, 4, 'admin_1_1747699561_54', '2025-05-20 00:06:01'),
(190, 4, 'admin_1_1747699561_55', '2025-05-20 00:06:01'),
(191, 4, 'admin_1_1747699561_56', '2025-05-20 00:06:01'),
(192, 4, 'admin_1_1747699561_57', '2025-05-20 00:06:01'),
(193, 4, 'admin_1_1747699561_58', '2025-05-20 00:06:01'),
(194, 4, 'admin_1_1747699561_59', '2025-05-20 00:06:01'),
(195, 4, 'admin_1_1747699561_60', '2025-05-20 00:06:01'),
(196, 4, 'admin_1_1747699561_61', '2025-05-20 00:06:01'),
(197, 4, 'admin_1_1747699561_62', '2025-05-20 00:06:01'),
(198, 4, 'admin_1_1747699561_63', '2025-05-20 00:06:01'),
(199, 4, 'admin_1_1747699561_64', '2025-05-20 00:06:01'),
(200, 4, 'admin_1_1747699561_65', '2025-05-20 00:06:01'),
(201, 4, 'admin_1_1747699561_66', '2025-05-20 00:06:01'),
(202, 4, 'admin_1_1747699561_67', '2025-05-20 00:06:01'),
(203, 4, 'admin_1_1747699561_68', '2025-05-20 00:06:01'),
(204, 4, 'admin_1_1747699561_69', '2025-05-20 00:06:01'),
(205, 4, 'admin_1_1747699561_70', '2025-05-20 00:06:01'),
(206, 4, 'admin_1_1747699561_71', '2025-05-20 00:06:01'),
(207, 4, 'admin_1_1747699561_72', '2025-05-20 00:06:01'),
(208, 4, 'admin_1_1747699561_73', '2025-05-20 00:06:01'),
(209, 4, 'admin_1_1747699561_74', '2025-05-20 00:06:01'),
(210, 4, 'admin_1_1747699561_75', '2025-05-20 00:06:01'),
(211, 4, 'admin_1_1747699561_76', '2025-05-20 00:06:01'),
(212, 4, 'admin_1_1747699561_77', '2025-05-20 00:06:01'),
(213, 4, 'admin_1_1747699561_78', '2025-05-20 00:06:01'),
(214, 4, 'admin_1_1747699561_79', '2025-05-20 00:06:01'),
(215, 4, 'admin_1_1747699561_80', '2025-05-20 00:06:01'),
(216, 4, 'admin_1_1747699561_81', '2025-05-20 00:06:01'),
(217, 4, 'admin_1_1747699561_82', '2025-05-20 00:06:01'),
(218, 4, 'admin_1_1747699561_83', '2025-05-20 00:06:01'),
(219, 4, 'admin_1_1747699561_84', '2025-05-20 00:06:01'),
(220, 4, 'admin_1_1747699561_85', '2025-05-20 00:06:01'),
(221, 4, 'admin_1_1747699561_86', '2025-05-20 00:06:01'),
(222, 4, 'admin_1_1747699561_87', '2025-05-20 00:06:01'),
(223, 4, 'admin_1_1747699561_88', '2025-05-20 00:06:01'),
(224, 4, 'admin_1_1747699561_89', '2025-05-20 00:06:01'),
(225, 4, 'admin_1_1747699561_90', '2025-05-20 00:06:01'),
(226, 4, 'admin_1_1747699561_91', '2025-05-20 00:06:01'),
(227, 4, 'admin_1_1747699561_92', '2025-05-20 00:06:01'),
(228, 4, 'admin_1_1747699561_93', '2025-05-20 00:06:01'),
(229, 4, 'admin_1_1747699561_94', '2025-05-20 00:06:01'),
(230, 4, 'admin_1_1747699561_95', '2025-05-20 00:06:01'),
(231, 4, 'admin_1_1747699561_96', '2025-05-20 00:06:01'),
(232, 4, 'admin_1_1747699561_97', '2025-05-20 00:06:01'),
(233, 4, 'admin_1_1747699561_98', '2025-05-20 00:06:01'),
(234, 4, 'admin_1_1747699561_99', '2025-05-20 00:06:01'),
(235, 5, 'admin_1_1747700265_0', '2025-05-20 00:17:45'),
(236, 5, 'admin_1_1747700265_1', '2025-05-20 00:17:45'),
(237, 5, 'admin_1_1747700265_2', '2025-05-20 00:17:45'),
(238, 5, 'admin_1_1747700265_3', '2025-05-20 00:17:45'),
(239, 5, 'admin_1_1747700265_4', '2025-05-20 00:17:45'),
(240, 5, 'admin_1_1747700265_5', '2025-05-20 00:17:45'),
(241, 5, 'admin_1_1747700265_6', '2025-05-20 00:17:45'),
(242, 5, 'admin_1_1747700265_7', '2025-05-20 00:17:45'),
(243, 5, 'admin_1_1747700265_8', '2025-05-20 00:17:45'),
(244, 5, 'admin_1_1747700265_9', '2025-05-20 00:17:45'),
(245, 5, 'admin_1_1747700265_10', '2025-05-20 00:17:45'),
(247, 6, 'admin_1_1747702962_0', '2025-05-20 01:02:42'),
(248, 6, 'admin_1_1747702962_1', '2025-05-20 01:02:42'),
(249, 8, 'admin_1_1747724639', '2025-05-20 07:03:59'),
(250, 2, 'admin_1_1747724642', '2025-05-20 07:04:02'),
(251, 2, 'admin_1_1747724644', '2025-05-20 07:04:04'),
(252, 2, 'admin_1_1747724645', '2025-05-20 07:04:05'),
(253, 10, 'admin_1_1747744611_0', '2025-05-20 12:36:51'),
(254, 10, 'admin_1_1747744611_1', '2025-05-20 12:36:51'),
(255, 10, 'admin_1_1747744611_2', '2025-05-20 12:36:51'),
(256, 10, 'admin_1_1747744611_3', '2025-05-20 12:36:51'),
(257, 10, 'admin_1_1747744611_4', '2025-05-20 12:36:51'),
(258, 10, 'admin_1_1747744611_5', '2025-05-20 12:36:51'),
(259, 10, 'admin_1_1747744611_6', '2025-05-20 12:36:51'),
(260, 10, 'admin_1_1747744611_7', '2025-05-20 12:36:51'),
(261, 10, 'admin_1_1747744611_8', '2025-05-20 12:36:51'),
(262, 10, 'admin_1_1747744611_9', '2025-05-20 12:36:51'),
(263, 9, 'admin_1_1747761704_0', '2025-05-20 17:21:44'),
(264, 11, 'admin_1_1747767373_0', '2025-05-20 18:56:13'),
(265, 11, 'admin_1_1747767373_1', '2025-05-20 18:56:13'),
(266, 11, 'admin_1_1747767373_2', '2025-05-20 18:56:13'),
(267, 11, 'admin_1_1747767373_3', '2025-05-20 18:56:13'),
(268, 11, 'admin_1_1747767373_4', '2025-05-20 18:56:13'),
(269, 11, 'admin_1_1747767373_5', '2025-05-20 18:56:13'),
(270, 11, 'admin_1_1747767373_6', '2025-05-20 18:56:13'),
(271, 11, 'admin_1_1747767373_7', '2025-05-20 18:56:13'),
(272, 11, 'admin_1_1747767373_8', '2025-05-20 18:56:13'),
(273, 11, 'admin_1_1747767373_9', '2025-05-20 18:56:13'),
(274, 11, 'admin_1_1747767373_10', '2025-05-20 18:56:13'),
(275, 11, 'admin_1_1747767373_11', '2025-05-20 18:56:13'),
(276, 11, 'admin_1_1747767373_12', '2025-05-20 18:56:13'),
(277, 11, 'admin_1_1747767373_13', '2025-05-20 18:56:13'),
(278, 11, 'admin_1_1747767373_14', '2025-05-20 18:56:13'),
(279, 11, 'admin_1_1747767373_15', '2025-05-20 18:56:13'),
(280, 11, 'admin_1_1747767373_16', '2025-05-20 18:56:13'),
(281, 11, 'admin_1_1747767373_17', '2025-05-20 18:56:13'),
(282, 11, 'admin_1_1747767373_18', '2025-05-20 18:56:13'),
(283, 11, 'admin_1_1747767373_19', '2025-05-20 18:56:13');

--
-- Contraintes pour les tables déchargées
--

--
-- Contraintes pour la table `candidates`
--
ALTER TABLE `candidates`
  ADD CONSTRAINT `candidates_ibfk_1` FOREIGN KEY (`category_id`) REFERENCES `categories` (`id`) ON DELETE CASCADE;

--
-- Contraintes pour la table `votes`
--
ALTER TABLE `votes`
  ADD CONSTRAINT `votes_ibfk_1` FOREIGN KEY (`candidate_id`) REFERENCES `candidates` (`id`) ON DELETE CASCADE;
COMMIT;

/*!40101 SET CHARACTER_SET_CLIENT=@OLD_CHARACTER_SET_CLIENT */;
/*!40101 SET CHARACTER_SET_RESULTS=@OLD_CHARACTER_SET_RESULTS */;
/*!40101 SET COLLATION_CONNECTION=@OLD_COLLATION_CONNECTION */;
